Date,SQ_pred,SQ_close,BA_pred,BA_close,PFE_pred,PFE_close,PYPL_pred,PYPL_close,COST_pred,COST_close,SBUX_pred,SBUX_close,DIS_pred,DIS_close,NFLX_pred,NFLX_close,JNJ_pred,JNJ_close,pred_date
2024-09-11,-0.010508924722671736,-0.4459760261984922,-1.5569200515747075,-1.2272851114203744,-0.29494863748550376,-0.15617822698453257,1.0220208168029783,0.0992926220109058,1.110025286674499,1.1895775212143325,0.5504074096679685,0.6040264938222724,-0.09954208135604847,-0.8477286001921653,0.8057075142860415,0.68204047055676,1.1634407043457045,1.7934981504920358,2024-09-25
2024-09-12,-0.08448195457458518,-0.4213699706117175,-1.5828862190246586,-1.1717733490426239,-0.3030643165111538,-0.27878059941841604,0.9080663919448849,0.2016947653373975,1.082654237747192,1.2741922511473327,0.5405985116958616,0.7334086557008902,-0.1227852702140807,-0.7550711579073337,0.7515580058097842,0.7116867887414259,1.1520032882690443,1.7646845194251837,2024-09-26
2024-09-13,-0.17472714185714744,-0.39421789177813515,-1.637206077575684,-1.4030719668013822,-0.3448160290718075,-0.2518079326399439,0.9049451351165768,0.1753336567175331,0.9294651150703427,1.2798022452101894,0.4777783453464506,0.6483521706418127,-0.20810812711715687,-0.6368851716180624,0.8126815557479861,0.7687544320458145,1.1800323724746717,1.9055470567427775,2024-09-27
2024-09-16,-0.2680479884147646,-0.2423378625050214,-1.633356332778931,-1.4501027328034872,-0.4231039881706234,-0.05564317112561147,0.97523158788681,0.27368018536947597,1.0138275623321529,1.2327812975565118,0.40899807214736916,0.3776086301736217,-0.23307305574417103,-0.5139729920909821,0.8462039828300478,0.7656396454466606,1.109848499298097,2.140849759869335,2024-09-30
2024-09-17,-0.251720726490021,-0.11082116408957533,-1.6857917308807377,-1.417721067490734,-0.4082624912261959,-0.11449288926594682,1.1113514900207517,0.3446515083505658,1.0591934919357295,1.17147467728924,0.23706717789173104,0.39318271546458033,-0.26128333806991566,-0.41847896441200333,0.8641843199729922,0.8235414065356946,1.0838928222656263,2.153657459502742,2024-10-01
2024-09-18,-0.26011115312576316,-0.16088259702763308,-1.6514167785644536,-1.4670647255547782,-0.3529888987541195,-0.13410897916933257,1.2939851284027097,0.4815259896460195,1.0824186801910396,1.144002637810617,0.2963961362838743,0.3548475666394482,-0.3293708562850951,-0.35040381312401075,0.8689406514167788,0.732099759141483,1.014786005020143,2.0063910723684444,2024-10-02
2024-09-19,-0.2358462214469912,0.0003312324448442513,-1.6073257923126225,-1.487110770462922,-0.28510388731956443,-0.15617822698453257,1.2654514312744138,0.9327024861602456,1.0387027263641353,1.1915438999536478,0.3344565629959104,0.44829023910733895,-0.37271469831466664,-0.36269568316531514,0.8768360614776614,0.8091356458219622,0.9291562438011184,1.7934981504920358,2024-10-03
2024-09-20,-0.1623615622520449,-0.09979098608236539,-1.5665986537933354,-1.5372255886218802,-0.27764466404914817,-0.21502746231480852,1.4686546325683592,0.850578416206498,1.0347640514373775,1.2276336481621837,0.30202215909957864,0.34646137923063497,-0.3898167610168456,-0.3343312783096132,0.9385208487510683,0.790836316987718,0.9060663580894485,1.6878530940579974,2024-10-04
2024-09-23,-0.0651269704103472,-0.06839650619412897,-1.7366428375244145,-1.4211904055836426,-0.061981469392776094,-0.24200012909328072,1.3587236404418943,0.9428411360819148,1.1712746620178218,1.286048846878566,0.21430802345275857,0.278177268989184,-0.30864882469177235,-0.4080788758430152,0.8845201134681704,0.8149758282595909,0.9376648068428054,1.5373860130514532,2024-10-07
2024-09-24,0.10134524106979348,-0.09300288545535657,-1.6532053947448735,-1.4400800044608169,-0.28483283519744834,-0.1954108896013634,1.142024755477905,1.0107709414394446,1.139331221580505,1.1961705279095882,0.10423819720745064,0.15478471546604372,-0.3662848472595214,-0.34000372455502265,0.9205157160758974,0.9089205079802944,1.0105383396148695,1.466955975428761,2024-10-08
2024-09-25,0.1099923327565191,-0.28815657071397216,-1.6034946441650395,-1.5784735362463345,-0.3281756639480587,-0.3351781252670559,1.2813262939453123,0.9114110892659187,1.1075413227081294,1.2359622147370075,0.2173379212617872,0.29494872416787976,-0.33702510595321644,-0.31825801895233075,0.9422919154167178,0.9050269398597827,1.2113697528839125,1.118004019115338,2024-10-09
2024-09-26,0.30042532086372353,-0.17954955007745443,-1.6117227077484135,-1.4874960563989774,-0.32373517751693687,-0.32537032172039276,1.1920814514160154,1.187186698899992,1.0917046070098873,1.1955925970739276,0.24736361205577828,0.51657434934879,-0.3190491795539855,-0.19723617181179715,0.8848729729652407,0.8486824023271866,1.4035913944244398,1.2444585098634011,2024-10-10
2024-09-27,0.17804959416389443,-0.14136696956220918,-1.5629453659057622,-1.4204192454887286,-0.2166929841041561,-0.2959454626502251,1.1340775489807127,0.9641325329762417,1.1361801624298091,1.1040953648160654,0.2505648136138914,0.5033968431111668,-0.23261785507202137,-0.1206519888842479,0.7918623089790346,0.8259887631126211,1.7888638973236097,1.246056394727315,2024-10-11
2024-09-30,0.3550569415092466,-0.1277914156570974,-1.5435342788696294,-1.5854128006549548,-0.23969203233718833,-0.33272593297536046,1.2174134254455564,0.9793408946234483,0.9968047738075253,1.1093006305567013,0.21938315033912636,0.5189700087631949,-0.13402745127677906,-0.10363320106224976,0.7701833844184878,0.8366683224408153,1.787763357162477,1.3517039132335629,2024-10-14
2024-10-01,0.2752520143985746,-0.22876166125100375,-1.5204296112060551,-1.501373996993415,-0.299278229475021,-0.3989317451807229,1.1644078493118284,0.9225638362385765,1.122069120407104,1.0564381630313853,0.2174883186817167,0.5117830305199801,-0.1315787136554717,-0.30596614891102636,0.7951901555061343,0.8192031113912165,1.7583076953887953,1.340501484680698,2024-10-15
2024-10-02,0.4460695981979368,-0.3034294734502891,-1.5048635005950932,-1.5526452611833428,-0.3053654432296749,-0.4136444161208364,1.2143075466156004,0.9195223186150163,1.1071100234985347,1.063089493021983,0.3091882765293119,0.4003706133467258,-0.13307219743728627,-0.296511588806754,1.1060260534286501,0.8467914637596349,1.487623214721681,1.2092410289798456,2024-10-16
2024-10-03,0.08757984638214089,-0.25421671492783393,-1.4603180885314946,-1.6440080269667554,-0.3326990008354183,-0.47985022832619884,1.2276842594146726,0.9063413775403812,1.0863068103790279,1.0465479460394673,0.2970227301120756,0.2877599066468037,-0.16673678159713734,-0.34567689534331697,1.1863923072814944,0.8229296522630325,1.4128684997558607,1.101995625609684,2024-10-17
2024-10-04,-0.05786362290382408,-0.13712489218200807,-1.4668955802917485,-1.4713052237426008,-0.3332272171974178,-0.4210005101858635,1.236349821090698,1.1141871818169249,1.0892646312713619,1.0895781663936897,0.45233878493309,0.40995417064327616,-0.18959176540374745,-0.2019630895924909,1.150945067405701,0.8946814350289799,1.4608724117279066,1.0683784916622519,2024-10-18
2024-10-07,-0.046937301754951706,-0.24827728871642765,-1.4980823993682866,-1.4362247922090496,-0.3020796775817867,-0.2689723130616935,1.2313106060028074,1.2054365781707588,1.116477251052856,1.0345181477947945,0.5426992177963255,0.3512526980594448,-0.08690491318702687,-0.4629166286249877,1.1225898265838625,0.7957863664048582,1.4738304615020765,0.946727503794769,2024-10-21
2024-10-08,0.08502884954214074,-0.032759948925691444,-1.5120515823364262,-1.484797878400983,-0.31285595893859824,-0.2738766976450845,1.239070415496826,1.2966859745245927,1.0683561563491817,1.1318565464497774,0.5767656564712522,0.36562941346266636,-0.20557686686515797,-0.4515710115912839,1.0293748378753664,0.9061394363922542,1.410192966461183,0.9723379789171644,2024-10-22
2024-10-09,0.21981094777584054,-0.03106324744339217,-1.5058777332305913,-1.688340614970866,-0.3724859356880184,-0.02621879486550319,1.3019933700561521,1.3463659006113555,1.1184005737304683,1.239894972215638,0.5491075515747068,0.3260950554719358,-0.21938616037368763,-0.34851348073746413,1.0238716602325442,0.9376766931444719,1.3328166007995619,1.1260057537959558,2024-10-23
2024-10-10,0.3083773851394651,0.1174230551906701,-1.5245149135589604,-1.7943524814436302,-0.3884912133216854,-0.23464403502825365,1.3274719715118406,1.0756600027028198,1.148537158966064,1.150422088517916,0.5180411934852598,0.08649968558566205,-0.1534058153629302,-0.4061878189135838,1.0193374156951907,0.9535843411513549,1.24948024749756,1.1035959725458073,2024-10-24
2024-10-11,0.291342109441757,0.09027130003154066,-1.5382573604583745,-1.6247331421535256,-0.3507269024848934,-0.27878059941841604,1.1714695692062376,1.2307835897396346,1.111613035202026,1.1238174755045598,0.5074857473373411,0.28656253675906657,-0.13492536544799794,-0.29840264573618547,1.0455069541931155,0.9118682673307525,1.1585547924041761,1.2556634004884752,2024-10-25
2024-10-14,0.32325726747512795,0.255727854233125,-1.5193979740142827,-1.7029891274374145,-0.321504175662994,-0.2983976549419206,0.9408771395683285,1.247005274908424,1.1246681213378902,1.1280397286127963,0.5255247950553892,0.19192249440343873,-0.12880218029022206,-0.21898187741448905,1.0502376556396487,0.8574150078519861,1.0644304752349867,1.2780731817386235,2024-10-28
2024-10-15,0.34300041198730447,0.2676067066559375,-1.53756856918335,-1.5734618779635978,-0.3790450096130367,-0.21012259492135815,1.025475740432739,1.1334511581386804,1.1293854713439937,1.1560900524015973,0.5752847194671629,0.22546540476083032,-0.04238155484199513,-0.2898936140966288,1.0825641155242922,0.8183686541202932,0.9523214697837844,1.6782485503690467,2024-10-29
2024-10-16,0.33512982726097085,0.4152443348743972,-1.5205926895141606,-1.475160435994368,-0.4125424623489376,-0.15372603469283708,0.9876868724822995,1.2622136365556307,1.1335737705230708,1.1142743704885554,0.5721532106399534,0.27578068993584837,-0.046964913606643566,-0.05068578066682388,1.164554834365845,0.7962314329151025,0.9888238310813918,1.7070597193636894,2024-10-30
2024-10-17,0.35254514217376687,0.42797186171281226,-1.5191323757171635,-1.4593548892740467,-0.3759957551956173,-0.2518079326399439,1.0348088741302488,1.1608255902801277,1.1543946266174312,1.1021866024230578,0.5049035549163816,0.2530187067627443,0.00034391880035411693,-0.0705411538829692,1.0657416582107546,0.7164148141328609,0.7214791178703323,1.737473697366665,2024-10-31
2024-10-18,0.39747577905654885,0.5111244760214058,-1.541397333145142,-1.4713052237426008,-0.4647093415260311,-0.26406841128836195,1.0797669887542722,1.274380480579277,1.3041989803314205,1.1268828065179233,0.5023698806762693,0.4411014215862628,0.07613198459148418,-0.0005756702084300048,1.1363062858581545,1.1404725555594208,0.7388397455215469,1.8415184068645793,2024-11-01
2024-10-21,0.4958304166793821,0.4474874891782362,-1.5735802650451665,-1.2854950517961194,-0.6157794594764705,-0.3351781252670559,1.2750449180603025,1.2358525279357662,1.3293807506561275,1.110746694806663,0.44715884327888467,0.39438008535231744,0.16179071366786968,-0.06297692616524342,1.3124983310699465,1.1859708460014045,0.4988122880458847,1.4749577101093787,2024-11-04
2024-10-22,0.5808677077293394,0.35500139834473204,-1.5731761455535893,-1.2831821597341804,-0.7378340363502498,-0.3572468902721965,1.335048198699951,1.271338962955717,1.2885227203369136,1.1496122783989564,0.4254505634307859,0.4387057621718579,0.16156214475631725,-0.05163203367442444,1.4221928119659426,1.1424191698765378,0.36015594005584867,1.5742013787989229,2024-11-05
2024-10-23,0.7341380715370176,0.23366685086979924,-1.6650044918060307,-1.3918927924277422,-0.8280872702598567,-0.35234250568880554,1.6964824199676511,1.2632277336066193,1.3633687496185298,1.1824634930806892,0.5601720809936521,0.5381380429952263,0.21208760142326366,-0.09890628328155598,1.4007825851440432,1.0592650614968813,0.1619503051042572,1.959971162932025,2024-11-06
2024-10-24,1.3924362659454343,0.33209236791470964,-1.6684689521789555,-1.4635953874618695,-0.8633405566215511,-0.40628783924574996,1.8859958648681638,1.3200047919914912,1.363021612167358,1.1492075500767354,0.7774031758308408,0.4782392005236578,0.23421165347099315,-0.17832632706036755,1.4051673412323,1.0885219889208682,0.09649232774973068,1.609416397610269,2024-11-07
2024-10-25,1.5491511821746824,0.3371831197105133,-2.019074678421021,-1.4709199378065454,-0.9500107169151302,-0.45287707873766725,1.8958938121795652,1.3514348388074873,1.3319275379180904,1.1364835278802352,0.7371447682380674,0.49740631511675854,0.5697176456451417,-0.21330943116907955,1.4390964508056643,1.0892450946926608,-0.049117803573606844,1.1628235816156347,2024-11-08
2024-10-28,1.6525855064392088,0.49585157328508883,-2.121205568313599,-1.6374546367169935,-0.8660830855369563,-0.35234250568880554,1.8503105640411375,1.5430581843858355,1.3178501129150386,1.1349798472839658,0.7779567837715147,0.582462800175836,0.7512458562850953,-0.10268767259753403,1.5229713916778567,1.0583195922131055,-0.13543859124183497,1.2780731817386235,2024-11-11
2024-10-29,1.632230758666992,0.38894125413087033,-2.0960340499877934,-1.5491759230904343,-0.9195014834403987,-0.45042536925603116,1.8099615573883054,1.2074639987433302,1.3172369003295894,1.1120188495941512,0.7722799181938169,0.5069907920522396,1.0866072177886965,-0.10930637185054408,1.5363080501556399,1.1157209505286076,-0.24969130754470667,1.0363666287953623,2024-11-12
2024-10-30,1.6722171306610105,0.3948806803422766,-2.1520290374755864,-1.4986758189954206,-1.1641168594360347,-0.43571269831591763,1.7454185485839842,0.9986048709452038,1.3130962848663326,1.0663283800233034,0.7762919068336485,0.4986046046434263,1.444546937942505,-0.20858178884550094,1.5732624530792239,1.0840166665276942,-0.1053702831268295,1.1196043660514616,2024-11-13
2024-10-31,1.8711004257202146,0.3125767404492857,-2.151762962341309,-1.690653507032805,-1.147354125976562,-0.48965851468292143,1.6899211406707761,1.1081041465698045,1.286455631256103,1.0379302373095542,0.8689184784889219,0.5441276513507038,1.6026532649993899,-0.10268767259753403,1.636811971664429,1.096754191672136,-0.021693110466001867,0.9995512630478928,2024-11-14
2024-11-01,1.9175236225128172,0.29815251212857136,-2.1522922515869145,-1.487110770462922,-1.0783009529113765,-0.5411516559481703,1.6001558303833006,0.900258342293261,1.2881264686584468,1.062775254176171,0.7918109297752378,0.6842916600525399,1.6896514892578127,-0.13956183363567748,1.7007002830505373,1.097143242946537,-0.0934907197952255,1.042770478612066,2024-11-15
2024-11-04,1.9026098251342771,0.34397122033752214,-2.1430759429931645,-1.4686064575218032,-1.1412937641143794,-0.6220696562835868,1.604032754898071,0.9894795445451176,1.30750298500061,1.11350733078618,0.7579482197761533,0.46386340475936694,1.741574287414551,-0.1414521660222241,1.8106291294097903,1.0938617685849654,-0.08235585689544522,0.7402384317350632,2024-11-18
2024-11-05,1.928690433502197,0.3176674922450894,-2.1139502525329594,-1.6255043022484397,-1.1019847393035884,-0.5656721304349469,1.6024441719055174,1.103034434844267,1.333358526229858,1.1372516280061622,1.0290281772613523,0.47105038300258173,1.6816465854644778,-0.062032122243412535,1.763333082199097,1.1405835675722735,0.08653575927019272,0.7578447101046315,2024-11-19
2024-11-06,1.8494975566864011,0.7639750745628787,-1.6558456420898442,-1.773535276440572,-0.9813264012336727,-0.7201515542306937,1.7307751178741453,1.3220329860934685,1.359326601028442,1.1898369715099748,1.1723501682281492,0.3500553281717077,1.7309362888336184,0.15164716718195273,1.6921958923339846,1.2312467729314052,0.14468176662922058,0.6826136316735688,2024-11-20
2024-11-07,1.9135556221008299,0.5628819630928569,-1.5475392341613774,-1.6262754623433537,-0.9246812462806697,-0.6956315625539763,1.786428928375244,1.3159491773169423,1.4478526115417476,1.2748536019690582,1.2204446792602537,0.3548475666394482,1.795181751251221,0.15542928104081563,1.6946117877960207,1.3220763265666768,0.22353592514991913,0.498531878791802,2024-11-21
2024-11-08,1.8172514438629148,0.5026390265631918,-1.5506694316864018,-1.5992907412493924,-0.8773793578147884,-0.7753159831876244,1.7060348987579343,1.4842537054283922,1.538727760314941,1.4478404959531461,1.0819575786590574,0.526158826284271,1.7779316902160647,0.16393831268037226,1.7308807373046877,1.3137331118025564,0.4115059971809402,0.29684384754046683,2024-11-22
2024-11-11,1.8199903964996336,1.2527073147761145,-1.5581073760986333,-1.7041455734683841,-0.8124366998672481,-0.8948433383531857,1.8279006481170652,1.8827087582322952,1.4907341003417964,1.384599309653109,1.0683031082153318,0.8568002895850998,1.85265851020813,0.33790758021633177,1.8606617450714114,1.3715795366283028,0.49079927802086026,0.22801169478168884,2024-11-25
2024-11-12,1.9013991355895994,1.5793770511012704,-1.5387051105499272,-1.8502495297574362,-0.847267091274261,-0.9072935613549482,1.870523929595947,1.827959120419995,1.4367973804473873,1.3817036464080128,1.1534197330474851,0.6759063922826574,1.8973112106323244,0.3501987257147513,1.8417203426361086,1.4497832561045412,0.500047087669374,-0.15615528034308016,2024-11-26
2024-11-13,2.1346671581268306,1.4580425036263374,-1.5188441276550297,-2.050708214170466,-0.9234768748283382,-0.7753159831876244,1.8323261737823484,1.9202218402954117,1.4484322071075435,1.3895217957799657,1.1294107437133787,0.7957040772257943,1.899070978164673,0.5137679046817227,1.9557075500488283,1.510799803792729,0.4112025797367111,-0.06011230552578321,2024-11-27
2024-11-14,2.2461943626403804,1.2544040162584138,-1.5507383346557622,-2.1212543631736236,-0.9373146891593929,-0.9496263473631901,1.842461585998535,1.7661123503095857,1.6054043769836421,1.3325353410622014,1.1462066173553465,0.7274190473454126,1.8366644382476809,1.118877140384391,1.9643805027008059,1.5485669732295322,0.17872492969036255,-0.2794090772188961,2024-11-28
2024-11-15,2.427352905273437,1.329071828457699,-1.5410752296447758,-2.0422272177948204,-1.0398190021514888,-1.2534244382297508,2.05044412612915,1.7701679649841344,1.651865720748901,1.235125187080222,1.0592670440673826,0.7033107127778022,1.9583442211151125,1.6823852972682218,1.9639995098114016,1.4745905368849195,-0.24398586153983912,0.06154114441390918,2024-11-29
2024-11-18,2.3245022296905513,1.8797437066828993,-1.5536522865295415,-1.9003643479163943,-1.002916574478149,-1.2384833981315406,2.0340087413787837,1.6525574600104362,1.6481249332427974,1.3071693027571971,0.838159382343292,0.9419781669830263,1.8697829246520998,1.5367804345879643,1.9907386302948,1.6030202327082987,-0.39601528644561607,0.1847949412897251,2024-12-02
2024-11-19,2.300935268402099,2.018047858376448,-1.5407135486602788,-1.8336728229422008,-0.9812597632408138,-1.17871972054876,2.0940990447998042,1.593752207523587,1.6250522136688228,1.368789101446729,0.9056676030158994,0.6948730255888712,1.880722761154175,1.4308863183399974,2.098700523376465,1.738013556227377,-0.44285595417022544,-0.09853048028158577,2024-12-03
2024-11-20,2.163763046264648,1.7872576158493951,-1.484906673431397,-1.815169098223885,-0.872218787670135,-1.218562172270614,2.063658237457275,1.659654592308545,1.6805984973907466,1.3568010131950887,0.8803135752677915,0.6840249647626446,1.5605010986328127,1.6048555858759568,2.0429818630218506,1.8077070336907992,-0.4220885634422286,-0.08092173983980804,2024-12-04
2024-11-21,2.1366012096405025,2.041805563222073,-1.0301425457000737,-1.918096912539796,-0.9851693511009212,-1.1712496833097146,2.070271492004394,1.6677658216576428,1.6147136688232417,1.5164679269466372,0.7724180221557615,0.900994458037554,1.4798207283020022,1.6483477216242255,2.0770819187164307,1.8835190723396764,-0.47612351179122764,0.30164488834883746,2024-12-05
2024-11-22,2.141513586044311,2.0044723044713364,-0.9451220631599431,-1.691424667127719,-1.0929806232452388,-1.0417619566187195,2.1305749416351314,1.8654722024831114,1.6472048759460445,1.5648833315707622,0.8630037903785703,1.1951097022898858,1.468505382537842,1.7362775215854784,2.134108543395996,1.8852433231448102,-0.8224532008171065,0.24882112909571366,2024-12-06
2024-11-25,2.0170075893402095,1.8763496563693949,-0.8867374062538151,-1.544549550743753,-1.073229312896728,-0.9122742299277244,2.0886352062225337,1.9668602487586144,1.6375100612640376,1.546814421199323,0.8054639697074888,1.1155535776751675,1.4147140979766848,1.769369568764759,2.0597286224365234,1.7061425844640459,-0.9623865485191329,0.34646445084913413,2024-12-09
2024-11-26,1.8945581912994383,1.7287120281509352,-0.8578595519065861,-1.634756458718999,-0.9863422513008113,-1.0118798764222994,2.1637639999389644,1.8827087582322952,1.531619787216186,1.608260310426381,0.6696792244911192,0.9757289157387501,1.3386139869689944,1.717367676834049,2.0378949642181396,1.7451329229598955,-1.0187144279479963,0.34323913625479285,2024-12-10
2024-11-27,1.9883821010589597,1.7091964006855112,-0.7872574925422673,-1.5715348600605172,-1.0325989723205562,-0.9969393191341488,2.1723651885986324,1.8451949026397731,1.5586729049682613,1.5506365411540626,0.24527704715728738,1.0757764350067391,1.2552819252014162,1.9206468776904262,1.9559395313262942,1.7714977667829896,-1.301224470138548,0.4852293026443013,2024-12-11
2024-11-29,1.926086902618408,1.6896814205689932,-0.7447374463081364,-1.45434323099131,-0.8353013396263118,-0.9023138584022907,2.1373171806335445,1.8654722024831114,1.515463829040527,1.6104610427706156,-0.006809890270233381,1.1902880353763636,1.2271521091461184,1.9083557321920066,1.9797563552856448,1.824171099707057,-1.2310135364532453,0.42230119904371444,2024-12-13
2024-12-02,1.4134047031402586,2.048593663849082,-0.6916612982749943,-1.411938837335886,-0.8996877074241634,-0.9994291706104775,2.0474829673767085,1.8411392879652242,1.5358870029449458,1.6285299531420547,-0.20767500996589683,1.0757764350067391,1.2547852993011477,1.879045798871589,1.8456621170043948,1.8849652838832618,-1.289165019989012,0.388418161297665,2024-12-16
2024-12-03,1.4652569293975828,2.084230221117519,-0.6124469637870793,-1.4713052237426008,-0.8679005503654476,-1.0641735167660344,1.9785153865814207,1.7002099655246274,1.5028145313262935,1.669938078936738,-0.37570357322692893,1.0830084755575569,1.2769410610198977,1.811916176048312,1.9447283744812014,1.909605537414944,-1.3471195697784406,-0.005286881566400281,2024-12-17
2024-12-04,1.7063810825347898,2.5695684110172508,-0.5067449808120732,-1.3448620264256372,-0.8055915832519527,-1.1463482716860707,1.9736716747283933,2.125026126948395,1.3867638111114498,1.7207277718930543,-0.4220836162567141,0.9781392893760458,1.4174156188964846,1.8629718149714216,1.9347093105316164,1.959053071727005,-1.3775501251220685,-0.3102465316418919,2024-12-18
2024-12-05,1.804450750350952,2.3107783862643716,-0.575273454189301,-1.4069271790531495,-0.8017583489418025,-1.0293107679968383,1.9867334365844724,2.096130162465762,1.4275660514831539,1.670575040016775,-0.43315815925598167,0.8009478584084956,1.358057737350464,1.8166438183718907,1.949450492858887,1.996931253176661,-1.2446417808532697,-0.46353268532822306,2024-12-19
2024-12-06,1.9168229103088377,2.51271952480109,-0.4847672581672673,-1.5125537595898582,-0.7694184184074397,-1.0218407307577926,1.999385595321655,2.1807890882822782,1.5001218318939205,1.7305151278004602,-0.2226514816284182,0.9070217715891892,1.355695724487305,1.8383902485174675,1.995374917984009,2.0907645813982336,-1.157869338989256,-0.4974181851464819,2024-12-20
2024-12-09,1.8029398918151853,2.272595805749126,-0.4649329781532292,-1.3926639525226563,-0.776346623897552,-0.9297051215022631,2.03339147567749,2.1929559323059244,1.5108532905578609,1.703006326972046,-0.06492228806018852,0.810590272596609,1.4578740596771242,1.6379469085123526,2.0429959297180176,1.9736815354389985,-1.2515423297882062,-0.4506240407342297,2024-12-23
2024-12-10,1.6975052356719968,2.1555039830033005,-0.4115899205207829,-1.120502084852696,-0.7855392098426814,-1.0616831824796464,1.9739248752593992,2.0672349715125344,1.4298303127288814,1.7350905019514031,-0.03082931041717552,0.6719712572983048,1.393791198730469,1.6492932500889412,2.0574817657470703,1.9717902573851689,-1.323722839355467,-0.5103268297404753,2024-12-24
2024-12-11,1.618946552276611,2.5076287730052864,-0.525841355323792,-1.048799489818569,-0.8874933123588558,-1.1463482716860707,1.7739088535308836,2.268996967012552,1.3745107650756831,1.7425611858729253,-0.0763455927371981,0.7033107127778022,1.2978868484497073,1.6379469085123526,1.9193663597106936,2.100887722717053,-1.496898651123045,-0.9282340424231473,2024-12-25
2024-12-12,1.3013234138488767,2.161443409214707,-0.640533030033112,-0.9797956610052395,-0.8565446734428401,-1.1114855229168745,1.8613581657409666,2.132123259246504,1.31204080581665,1.7060758996796161,-0.06487452983856223,0.6309875483528324,1.3658387660980227,1.6653665094462236,1.8746831417083742,2.0396484720306045,-1.4391691684722883,-0.9927748033209048,2024-12-26
2024-12-13,1.5258667469024656,1.9807145996257114,-0.7902659177780156,-0.9065513340040873,-0.8700190186500545,-1.0591928481932582,1.914389133453369,2.296371399153999,1.1874637603759761,1.71163534688651,0.025736927986144794,0.5827717988565424,1.3496217727661135,1.5178705898365346,1.813760280609131,2.002493396352741,-1.4419674873352033,-0.9314618190896979,2024-12-27
2024-12-16,1.8394658565521238,2.1334429796399745,-0.8220753073692326,-0.7708559802165642,-0.8124034404754634,-1.1413676031132944,1.9991636276245115,2.324760701875841,1.1909029483795162,1.7320209292438329,0.04461370408534981,0.0644550207784834,1.3335592746734621,1.4485448775293088,1.8028562068939211,2.0147858549869384,-1.3784189224243146,-1.378411635554698,2024-12-30
2024-12-17,1.8812563419342039,2.1987773153143495,-0.8208799958229069,-0.7762529244353564,-0.6560855507850643,-0.8475303665822269,2.1350052356719966,2.28014971398521,1.3088076114654537,1.6695326436654823,0.08394036442041375,-0.05970083305711602,1.3238046169281008,1.534964730118556,1.798017740249634,2.0039396078963265,-1.3795056343078596,-0.9653448568357474,2024-12-31
2024-12-18,1.6640145778656004,1.5836197758303774,-0.8201007246971135,-0.7920584711556777,-0.6389977335929866,-0.9819982790359388,2.121146440505981,1.7316400123406237,1.335027456283569,1.5691108867967571,0.14555054903030373,-0.32368042919020223,1.3241162300109866,1.3763695380560088,1.7779366970062258,1.8394113176917126,-1.289982318878172,-1.2331936924986389,2025-01-01
2024-12-19,1.457989692687988,1.612468232471806,-0.8107584118843083,-0.6216685599934622,-0.7124553322792049,-1.0118798764222994,2.0047767162322994,1.8664862995341,1.3474195003509517,1.5115450873452634,0.09758574515581109,-0.461094717489324,1.1901369094848635,1.3782692895000583,1.6675095558166506,1.9088824316431516,-1.3495163917541486,-1.4219780033003995,2025-01-02
2024-12-20,1.3082201480865476,1.783015538469194,-0.8606140017509465,-0.609717637302105,-0.6980156302452083,-0.8649612581567657,1.744995832443237,1.901971961024645,1.3437247276306148,1.5073175321192682,0.14097774028778054,-0.556320569843791,1.1100337505340578,1.4409473208388806,1.603416681289673,1.947873109625279,-1.3744249343872053,-1.278372717541511,2025-01-03
2024-12-23,1.262195825576782,1.7524697329965602,-0.8396741747856145,-0.5966108568025814,-0.7422234416007991,-0.7778063174740125,1.5986728668212888,1.8786531435577465,1.3238759040832515,1.4832254159743379,0.03483082354068733,-0.6202060470798298,1.1944231986999514,1.3811181921232478,1.5658953189849856,1.961222389042383,-1.2906358242034894,-1.1492887336737865,2025-01-06
2024-12-24,1.268555402755737,1.904350085944127,-0.8313674330711369,-0.5330039722080442,-0.7639650702476497,-0.7703357974249075,1.9202032089233396,2.015526851323794,1.2420659065246578,1.5348263329476826,0.043381646275520096,-0.32247478255208906,0.94965797662735,1.49127986596292,1.4860160350799563,2.0761917934358056,-1.2264175415039045,-1.0557029069214916,2025-01-07
2024-12-26,1.34017539024353,1.938289941730265,-0.8303825259208684,-0.4929118823917563,-0.7907347083091731,-0.8151584349094781,2.077965974807739,2.0043741043511365,1.3631663322448726,1.5193056203709088,0.0933471769094465,-0.0874242682612046,0.839033603668213,1.49033071478378,1.613491773605347,2.031805999526293,-1.0079607963561994,-1.099269274667193,2025-01-09
2024-12-27,1.4340724945068357,1.7253179778374308,-0.7812746167182927,-0.4798051018922328,-0.7997952103614803,-0.8002173948112682,2.137950181961059,1.8745975288831978,1.3739295005798335,1.4240961987331637,0.3134198784828184,-0.040414165403027724,0.8491568565368653,1.3953634297820798,1.6649942398071291,1.9395298948611586,-0.7231691479682906,-1.184786890789216,2025-01-10
2024-12-30,1.404665946960449,1.5988926785666941,-0.7632260918617253,-0.6405575706478334,-0.8024666905403133,-0.8500202180585557,2.1639351844787593,1.729612591768052,1.3603978157043453,1.3228059549756201,0.4356364905834196,-0.2417139309381883,0.9126331210136415,1.3241379660308044,1.7986719608306887,1.899927462606369,-0.7289155125617964,-1.4607039370823796,2025-01-13
2024-12-31,1.5064833164215086,1.3876174161561592,-0.7569671869277959,-0.6232102919604872,-0.7831350564956661,-0.8226284721485237,2.1553361415863033,1.7215013624189546,1.3951585292816158,1.288405461484896,0.5837011933326719,-0.16095307932428757,0.9710814952850343,1.3763695380560088,1.9165444374084475,1.8492564197489838,-0.6406165361404402,-1.2541705477229044,2025-01-14
2025-01-02,1.3957340717315672,1.536952393205824,-0.720984280109406,-0.8209707983755224,-0.8107811212539668,-0.8027072462875969,2.1688420772552486,1.8056536264746794,1.422387599945068,1.2509933651074265,0.6639336943626402,-0.05005749923007187,1.1299719810485842,1.326036992931969,2.0754384994506836,1.8237260331968128,-0.9171506762504561,-1.3509816890695405,2025-01-16
2025-01-03,1.4005677700042722,1.9959875023620284,-0.6489167809486394,-0.8969138915974724,-0.7882955074310298,-0.8076879148603732,2.2086811065673824,1.9496244665388363,1.4174127578735347,1.2902007585578752,0.7257677912712095,-0.0006361030956686049,1.2401168346405032,1.3583262465948474,2.293302059173584,1.7921331006950298,-0.6612930893897994,-1.3235517425843832,2025-01-17
2025-01-06,1.512299060821533,1.977320549312207,-0.6161758899688725,-0.8629899060948908,-0.7796360850334163,-0.7329836799894419,2.1596610546112056,2.1453034267917332,1.4195094108581539,1.3257016182207164,0.8028054833412168,0.06565974777766591,1.3306171894073489,1.3478797872812296,2.315903663635254,1.7962490323275249,-0.6983649134635909,-1.409069358706406,2025-01-20
2025-01-07,1.3809709548950193,1.6158622827853104,-0.6476443409919743,-0.7962989693435004,-0.8008610606193538,-0.6732200024066612,2.15629768371582,1.9871383221313585,1.430496215820312,1.3179410851950708,0.9345489144325254,0.03070335238382887,1.344648361206055,1.380168316401223,2.3002233505249023,1.781787595864227,-0.2808954119682296,-0.9943899226902849,2025-01-21
2025-01-08,1.7030682563781736,1.536952393205824,-0.6210786104202275,-0.8252112965633451,-0.6680805087089534,-0.7404537172284875,2.1461632251739498,1.9840968045077985,1.4629132747650142,1.3526890441362258,1.0259386301040647,0.0017742705416270957,1.3064036369323733,1.2253719026838898,2.3068459033966064,1.7584822023769995,-0.2612917125225051,-1.6333518266235962,2025-01-22
2025-01-10,1.8432991504669187,1.1797368514080342,-0.6472765803337102,-0.8159591400927857,-0.63250720500946,-0.7753159831876244,2.143999576568603,1.519739366918937,1.4124927520751949,1.4081120810643097,1.1134498119354246,-0.040414165403027724,1.386481285095215,1.1199581583685716,2.302123785018921,1.5509586540568934,-0.15501993894576868,-1.667237326441855,2025-01-24
2025-01-13,1.9245948791503904,1.1347668176146861,-0.5924518704414372,-0.8710850283116776,-0.676754772663116,-0.755395240136757,2.17573070526123,1.583613557601918,1.4186143875122066,1.3372263013802768,1.142519950866699,0.1114651236366603,1.378206014633179,1.0658268348993178,2.334467887878418,1.5654200905201912,-0.04721590876579129,-1.278372717541511,2025-01-27
2025-01-14,1.9131414890289304,1.169554700467521,-0.6187544465065007,-1.0079368281301702,-0.7857019305229183,-0.8525105523449438,2.1426627635955806,1.9070416727501824,1.4618349075317378,1.29396490869179,1.0994164943695066,0.05842770722684813,1.3784124851226809,1.069625613244532,2.240651845932007,1.4992864661661673,-0.08121025562286222,-1.2331936924986389,2025-01-28
2025-01-15,1.8964576721191404,1.370647811937543,-0.6361266970634465,-1.0395479215708125,-0.9241324067115779,-0.8998235241159026,2.033516645431518,2.156456173764391,1.419488430023193,1.3302766388971423,0.9566479325294492,0.05963335386496132,1.3248081207275393,1.0753234184909108,2.215031623840332,1.6097505481664158,-0.061029076576231356,-1.1976955353832095,2025-01-29
2025-01-16,1.3300306797027586,1.5055579133175876,-0.6782212257385258,-0.9343072151929626,-0.9333086609840389,-0.832589326484017,1.8150930404663084,2.083456656681324,1.4071059226989742,1.3085591645589205,0.523064851760864,0.222360703730876,1.308553457260132,0.9119795723611245,2.0311853885650635,1.5769894433825962,-0.07273018360137784,-0.7459028228822786,2025-01-30
2025-01-17,1.1196875572204588,1.5547706718400427,-0.7361717820167546,-0.8510395716263368,-0.8860703110694881,-0.8799022982549757,1.8164956569671629,2.376468048535175,1.3860723972320552,1.4443078716280129,0.5654777884483335,0.3067375756201856,1.3560309410095217,0.9651610201083536,1.9118239879608157,1.6644818469067308,-0.28638532757758933,-0.8653059388225605,2025-01-31
2025-01-21,1.0449569225311277,1.7702880116307789,-0.7667717337608342,-0.6787220543382376,-0.8897759318351741,-0.7952372090485513,1.811300992965698,2.1696363413096202,1.3948595523834224,1.4706003666426604,0.45911762118339516,0.6502742160069207,1.3310909271240237,1.1247060878929258,1.5831601619720461,1.7288915599418988,-0.3983575105667098,-0.6845898386510718,2025-02-04
2025-01-22,1.1660706996917722,1.5988926785666941,-0.7462590336799626,-0.7080196674941379,-0.7031173110008235,-0.9521166816495782,1.6562678813934324,2.1777475706587177,1.4455196857452388,1.4530528311841262,0.6792423725128172,0.6201394875266057,1.3432178497314455,1.1351525472065436,1.454002618789673,2.19783583753778,-0.27629879117011863,-1.1492887336737865,2025-02-05
2025-01-23,0.8685010075569151,1.6260444337258237,-0.7386461496353154,-0.5653856375207976,-0.7226595282554622,-0.8450400322958388,1.7153234481811521,2.1655815001644774,1.5149869918823238,1.4383426356753464,0.7181937098503111,0.6514789430061032,1.4245657920837405,1.3469299115592048,1.69672966003418,2.3695391702244777,-0.06310056149959409,-0.9282340424231473,2025-02-06
2025-01-24,0.7152036428451536,1.6998629241606005,-0.7438575625419621,-0.6594471695250078,-0.7342642545700069,-0.8247895299744007,1.6252269744873045,2.1027206330030794,1.4265596866607662,1.4239802590915145,0.7898327708244322,0.7503208156359791,1.39054012298584,1.4532935315965478,1.7071580886840823,2.3291026201850427,0.12285433709621582,-0.8991889765686099,2025-02-07
2025-01-27,0.9632217288017271,1.3893147649873643,-0.7472420930862431,-0.6941417268997003,-0.6201544404029842,-0.6298781433742722,1.565568685531616,2.2172888468238114,1.4016788005828853,1.5720645198626781,0.7901925444602964,0.8961727911240318,1.1931951045989992,1.5653542323373848,1.7436683177948,2.297398336184129,0.09612543135881577,0.08023073455562264,2025-02-10
2025-01-28,0.9124513268470762,1.6973175482626988,-0.7299425601959233,-0.5931415187096728,-0.43645137548446616,-0.6577227651200218,1.5451357364654539,2.009443816076674,1.4007096290588374,1.5339574925843469,0.8346502184867857,0.9431838136211395,0.8493301868438722,1.4513937801524983,1.7650177478790285,2.2970646211730155,0.210149690508844,-0.32476783353305594,2025-02-11
2025-01-29,0.6490389108657835,1.8152580454241272,-0.7059137225151066,-0.7519663813393899,-0.46813911199569663,-0.6906296503385864,1.391590356826782,2.0672349715125344,1.3055953979492183,1.564941301391587,0.9652203917503355,1.927986519644489,0.31897568702697765,1.5511097192214376,1.8632504940032961,2.3322174067841965,0.004234731197358723,-0.20052674570126228,2025-02-12
2025-01-30,1.1744487285614011,2.063017892169796,-0.6340454220771794,-0.5256794218633684,-0.6716955304145809,-0.6172217604771457,1.5623617172241209,2.149359041466282,1.2184288501739498,1.6517532289236494,1.3302633762359617,1.9786126427780748,0.38243243098258983,1.573901664749838,1.8908071517944338,2.3049070936773264,-0.031046926975248693,0.07700295788907194,2025-02-13
2025-01-31,1.3981580734252927,1.882289082580801,-0.5802062153816228,-0.6417140166788029,-0.6594051718711849,-0.7159428989428989,1.6436004638671873,2.0489850922417676,1.0401570796966548,1.6567916546921555,1.3676507472991941,1.819501313187569,0.5802004337310792,1.5387635084637703,1.8905379772186282,2.324485946292738,-0.040767878293989535,-0.039172381384659095,2025-02-14
2025-02-03,1.4515416622161863,1.8296822737448415,-0.5678855180740361,-0.6667717198696836,-0.6902971267700191,-0.7969449082286512,1.6943845748901365,2.143276006219162,1.1336994171142574,1.8070766478075537,1.2171056270599363,1.8773603965109034,0.6550095677375795,1.6280329882190918,1.8871932029724123,2.33661137767824,0.012901380658151265,-0.08435140642753124,2025-02-17
2025-02-04,1.4689409732818601,1.4877396346833687,-0.5746982693672185,-0.6528937792752461,-0.7816661000251766,-0.8804782906558406,1.5988650321960447,0.9484175095682437,1.1910021305084224,1.89991142763859,1.2187345027923582,2.171474721124304,0.7474197745323182,1.5615561785350556,1.9057157039642336,2.425216277734846,0.20566467940807495,0.17704433797446834,2025-02-18
